Area,Elevation
7900.0,2986.41748046875
15962.5,2987.41748046875
22812.5,2988.41748046875
28250.0,2989.41748046875
32618.75,2990.41748046875
36400.0,2991.41748046875
39837.5,2992.41748046875
43018.75,2993.41748046875
46143.75,2994.41748046875
49112.5,2995.41748046875
52056.25,2996.41748046875
54893.75,2997.41748046875
57731.25,2998.41748046875
60581.25,2999.41748046875
63662.5,3000.41748046875
66525.0,3001.41748046875
68981.25,3002.41748046875
71181.25,3003.41748046875
73031.25,3004.41748046875
74850.0,3005.41748046875
76631.25,3006.41748046875
78312.5,3007.41748046875
79725.0,3008.41748046875
81212.5,3009.41748046875
82606.25,3010.41748046875
84012.5,3011.41748046875
85481.25,3012.41748046875
86975.0,3013.41748046875
88543.75,3014.41748046875
90043.75,3015.41748046875
91381.25,3016.41748046875
92612.5,3017.41748046875
93775.0,3018.41748046875
94556.25,3019.41748046875
95106.25,3020.41748046875
95550.0,3021.41748046875
95906.25,3022.41748046875
96206.25,3023.41748046875
96475.0,3024.41748046875
96675.0,3025.41748046875
96731.25,3026.41748046875
